Rating,Date,Title,Content,Reviewer,Verified,Brand Response,YearMonth,Country
4,2024-09-28,la plus confortable,Merci pour votre chaleureuse accueil produit de bon qualit√©,"bouthaina, Tunisia",Yes,"Bonsoir Bouthaina, Merci beaucoup pour votre retour Nous sommes ravis de savoir que vous appr√©ciez le rapport qualit√©-prix de nos produits. Votre satisfaction est notre priorit√©. Au plaisir de vous revoir bient√¥t Passez une excellente soir√©e  Sportivement Hassine Conseiller Service Client",2024-09,Tunisia
5,2024-09-18,Tr√®s bien,Chaussure parfait,"aymen, Tunisia",Yes,"Bonjour Aymen, Merci pour votre retour Nous sommes ravis que notre produit vous ait apport√© satisfaction. Passez une belle soir√©e  Sportivement Hassine Conseiller Service Client",2024-09,Tunisia
4,2024-09-06,Merci,Il faut v√©rifier les prix de quelques articles car les sont un peu √©lev√©s par rapport leurs qualit√©s,"-Salwa, Tunisia",Yes,"Bonsoir Salwa, Merci pour votre retour nous faisons de notre mieux pour vous offrir un bon rapport qualit√© prix. Malgr√© les hausses de prix sur certains produits, entra√Æn√©es par l'augmentation des frais d'importation et des co√ªts de transport internationaux, nos prix restent toujours les plus comp√©titifs du march√©. Toute l'√©quipe reste √† votre disposition pour √©changer avec vous, sans aucun souci. Je vous souhaite une belle soir√©e üòÉ  Sportivement Hassine Conseiller Service Client",2024-09,Tunisia
5,2024-09-04,l√©ger et confortable,"j'appr√©cie ce mod√®le, confortable et pas cher","Rania, Tunisia",Yes,"Bonsoir Rania,  Merci beaucoup pour votre avis  Je suis heureux de savoir que nos produits ont r√©pondu √† vos attentes  Je vous souhaite une excellente soir√©e :)  Rawen Conseill√®re Service Client",2024-09,Tunisia
4,2024-09-03,recommand√© pour les pieds plats,je l'ai pris pour mon fils en vert militaire tr√®s l√©ger. il a les pieds plats pas de soucis pour le moment,"khaoula, Tunisia",Yes,"Bonsoir Khaoula,  Je vous remercie pour votre avis et pour cette super note. C'est un plaisir de lire votre satisfaction :) Ravis de voir que nos produits vous plaisent.  Au plaisir de vous revoir.    Za√Ø Nour ‚úåÔ∏è  Conseill√®re service clientsü§ù",2024-09,Tunisia
5,2024-08-26,Le meilleur,Practical and comfortable,"John, Tunisia",Yes,"Bonjour Omar,  Je vous remercie pour votre avis et pour cette super note.C'est un plaisir de lire votre satisfaction :)  Ravis de voir que nos produits vous plaisent.  Je vous souhaite une bonne journ√©e, √† bient√¥t.    Za√Ø Nour ‚úåÔ∏è  Conseill√®re service clientsü§ù",2024-08,Tunisia
5,2024-07-22,Tr√®s bonne qualit√©,Tr√®s bonne qualit√©,"Rafik, Tunisia",Yes,"Bonjour Rafik,  Je vous remercie infiniment pour votre retour.  C'est avec joie que j'apprends que nos produits ont r√©pondu √† vos attentes.  Excellente journ√©e √† vous, √† tr√®s bient√¥t.  Marwen Sportivement Service Client",2024-07,Tunisia
4,2024-07-22,CHAUSSURES EKIDEN ONE BLUE JEAN,"L√©ger, souple et bon prix","Marouen, Tunisia",Yes,"Bonjour Marouen,  Je vous remercie pour votre retour d'exp√©rience.  Nous sommes ravis que la chaussure EKIDEN ONE BLUE JEAN ait √©t√© √† la hauteur de vos attentes.Votre avis est pr√©cieux pour nous et nous encourage √† continuer d'am√©liorer nos services.  Au plaisir de vous accueillir prochainement dans nos all√©es  Passez une agr√©able journ√©e :)  Marwa Service relation client DECATHLON TUNISIE",2024-07,Tunisia
5,2024-05-14,Tr√®s bon..Merci,Tr√®s l√©g√®re et confort,"Ben tmessek, Tunisia",Yes,"Bonjour Anis,   Merci beaucoup pour votre retour d'exp√©rience  Nous sommes ravis que notre produit ait r√©pondu √† vos attentes  Je vous souhaite une excellente journ√©e  Rawen Conseill√®re Service Client",2024-05,Tunisia
4,2024-05-08,Bon,Bravo,"Fersi, Tunisia",Yes,"Bonjour Oussama,  Merci beaucoup pour votre retour d'exp√©rience  Nous sommes ravis que notre produit ait r√©pondu √† vos attentes  Je vous souhaite une excellente journ√©e et √† bient√¥t  Rawen Conseill√®re Service Client",2024-05,Tunisia
5,2024-05-03,Qualit√© prix tr√®s raisonnable,Bon travail,"Soltane, Tunisia",Yes,"Bonjour Soltane,  Je vous remercie infiniment pour votre retour.  C'est avec joie que j'apprends que nos produits ont r√©pondu √† vos attentes.  Excellente journ√©e √† vous, √† tr√®s bient√¥t.  Marwen Sportivement Service Client",2024-05,Tunisia
5,2024-05-01,Merci,Bonjour,"Mcbr, Tunisia",Yes,"Bonjour Yassine,  je vous remercie pour votre avis  Nous sommes ravis que nos produits vous plaisent  Au plaisir de vous revoir prochainement dans nos all√©es  Bonne journ√©e et √† bient√¥t :)  Rawen Conseill√®re Service Client",2024-05,Tunisia
4,2024-04-28,Tissu,Qualit√© tissu m√©diocre,"Mohamed Amin, Tunisia",Yes,"Bonjour Mohamed Amine,  Merci pour votre retour d'exp√©rience  Si vous avez remarqu√© des d√©fauts sur nos chaussures, n'h√©sitez pas √† nous les retourner pour √©valuation. En cas de d√©faut de fabrication, nous vous offrons la possibilit√© d'un √©change.  N'h√©sitez pas √† nous contacter si besoin.  Votre satisfaction est notre priorit√© :)  Rawen Conseill√®re Service Client",2024-04,Tunisia
5,2024-04-26,le produit est excellent,jai achet√© 4 spadries fille femme et 2 pour mon gar√ßons ag√© de 16 ils sont excellents merci,"Kebida, Tunisia",Yes,"Bonjour,  Je vous remercie pour votre retour d'exp√©rience.  Nous sommes ravis que le CHAUSSURES EKIDEN ONE ait √©t√© √† la hauteur de vos attentes  Au plaisir de vous accueillir prochainement dans nos all√©es :)  Rawen Conseill√®re Service Client",2024-04,Tunisia
3,2024-04-23,Ras,Ras,"Kouissi, Tunisia",Yes,"Bonjour Kouissi,  Tout d'abord, je suis d√©sol√© que votre exp√©rience n'ait pas √©t√© √† la hauteur.  Je vous sugg√®re de nous fournir plus de d√©tails, afin que nous puissions am√©liorer notre produit.  Votre feedback est d'une grande valeur pour nous.  Excellente journ√©e √† vous.  Marwen Sportivement Service Client",2024-04,Tunisia
5,2024-04-22,merte7 yesser ou ya3tini boost fel machy,merte7 yesser ou ya3tini boost fel machy,"Ben kacem, Tunisia",Yes,"Bonjour,  je vous remercie pour votre avis.  Nous sommes ravis que nos produits vous plaisent.  Au plaisir de vous revoir prochainement dans nos all√©es  Bonne journ√©e et √† bient√¥t :)  Rawen Conseill√®re Service Client",2024-04,Tunisia
3,2024-04-03,.,.,"Oudali, Tunisia",Yes,"Bonjour Merci d'avoir partag√© votre avis. En le consultant, j'ai not√© que vous n'√™tes pas enti√®rement satisfait de notre produit. Pourriez-vous partager plus de d√©tails afin que nous puissions cibler les aspects √† am√©liorer et ainsi augmenter votre satisfaction ? Bonne journ√©e  Sportivement Hassine Conseiller Service Client",2024-04,Tunisia
5,2024-03-31,Bonne qualit√©,Bonne qualit√©,"Mehdi, Tunisia",Yes,"Bonjour Mehdi,  Nous vous remercions d'avoir partag√© votre avis avec nous.  Nous sommes ravis de savoir que vous √™tes satisfait de notre Chaussures EKIDEN ONE .  Passez une excellente journ√©e.  Oussama Conseiller Service Client",2024-03,Tunisia
4,2024-03-31,Merci pour vos services,Bon continuation,"Ghassen, Tunisia",Yes,"Bonjour Ghassen,  Merci d'avoir partag√© votre avis avec nous,  Nous sommes l√† pour vous offrir le meilleur service possible.  Au plaisir de vous accueillir prochainement dans nos all√©es.  Passez une excellente journ√©e.  Oussama Conseiller Service Client",2024-03,Tunisia
5,2024-03-20,Satisfied,Satisfait √† le choix rapport qualit√© et prix meilleur,"Montassar, Tunisia",Yes,"Bonsoir Montassar, Merci beaucoup pour votre retour positif sur notre rapport qualit√©-prix Cela signifie beaucoup pour nous. Nous nous effor√ßons toujours de proposer des produits de qualit√© √† des prix accessibles. Nous sommes ravis que vous ayez appr√©ci√© cette combinaison. N'h√©sitez pas √† nous rendre visite √† nouveau pour d√©couvrir d'autres offres int√©ressantes. Passez une belle soir√©e  Sportivement Hassine Conseiller Service Client",2024-03,Tunisia
3,2024-03-06,Avis,Merci,"Ayed, Tunisia",Yes,"Bonjour Amor, Merci d'avoir pris le temps de laisser votre avis. Je remarque que vous n'√™tes pas compl√®tement satisfait de notre produit. Pourriez-vous me fournir plus de d√©tails ou d'informations afin que nous puissions am√©liorer la qualit√© de notre produit et mieux r√©pondre √† vos attentes ? Votre retour est tr√®s important pour nous aider √† nous am√©liorer et √† vous offrir une meilleure exp√©rience. Je vous souhaite une excellente journ√©e.  Sportivement Hassine Conseiller Service Client",2024-03,Tunisia
4,2024-03-05,Tres bon,Tres bon quality,"Mohamed, Tunisia",Yes,"Bonjour Mohamed,  Merci pour votre retour d'exp√©rience.  Nous sommes ravis que nos produits vous plaisent  N'h√©sitez pas √† revenir vers nous si vous avez d'autres besoins ou commentaires  Passez une excellente journ√©e et √† tr√®s bient√¥t :)  Rawen Conseill√®re Service Client",2024-03,Tunisia
5,2024-03-04,produit. super,je vous. remercie,"Abdallah, Tunisia",Yes,"Bonsoir Abdallah,  Nous vous remercions √©norm√©ment pour votre retour.  Nous sommes ravis d'apprendre que vous avez trouv√© notre produit super, et que vous le recommandez.  Votre feedback est d'une grande valeur pour nous.  Excellente soir√©e √† vous.  Marwen Sportivement Service Client",2024-03,Tunisia
5,2024-03-04,Good,Good,"Yassine, Tunisia",Yes,"Bonjour Yassine, merci pour votre retour d'exp√©rience.  Nous sommes ravis que nos produits vous plaisent.  Passez une excellente journ√©e et √† tr√®s vite :)  Asma Conseill√®re service client",2024-03,Tunisia
5,2024-03-02,Excellent üëç,Tr√®s robuste et l√©g√®re,"Zied, Tunisia",Yes,"Bonjour,  Nous vous remercions d'avoir partag√© votre avis avec nous,  Nous sommes ravi de savoir que vous √™tes satisfait de notre produit CHAUSSURES EKIDEN ONE BLUE JEAN  Au plaisir de vous accueillir prochainement dans nos all√©es.  Passez une excellente journ√©e.  Oussama Conseiller Service Client",2024-03,Tunisia
5,2024-02-29,Satisfaction,Insuffisance des surv√™tement 'habillement du confort avant// apr√®s pratique du sport merci,"soualmia, Tunisia",Yes,"Bonsoir,  Merci pour votre retour positif,  Nous prenons votre commentaire au s√©rieux et nous sommes soucieux d'am√©liorer constamment nos produits.  Au plaisir de vous accueillir prochainement dans nos all√©es.  Bonne soir√©e.  Oussama Conseiller Service Client",2024-02,Tunisia
5,2024-02-26,KALENJI CHAUSSURES EKIDEN ONE BLUE JEAN,"Parfait, l√©ger.","30, Tunisia",Yes,"Bonjour,  Merci pour votre retour d'exp√©rience.  Nous sommes ravis que nos produits vous plaisent  Passez une excellente journ√©e et √† tr√®s bient√¥t :)  Rawen Conseill√®re Service Client",2024-02,Tunisia
4,2024-02-19,Avis,Avis,"Chalroun, Tunisia",Yes,"Bonsoir Wassim,  Merci pour votre retour d'exp√©rience.  Nous sommes ravis que nos produits vous plaisent  Passez une excellente soir√©e et √† tr√®s bient√¥t :)  Rawen Conseill√®re Service Client",2024-02,Tunisia
5,2024-02-05,je suis tr√®s satisfait,tr√®s bonne qualit√©,"Mohamed, Tunisia",Yes,"Bonjour Mohamed,  Nous vous remercions pour votre retour positif,  Cependant, nous remarquons que vous avez attribu√© une note de 1/5 pour la l√©g√®ret√© des chaussures, bien que vous ayez exprim√© une grande satisfaction.  Si vous avez des questions ou besoins, n'h√©sitez pas √† nous contacter.  Passez une excellente journ√©e.   Oussama Conseiller Service Client",2024-02,Tunisia
5,2024-01-26,Excellent,Excellent produit,"Mohamed Monji, Tunisia",Yes,"Bonjour Mohamed,  Nous vous remercions √©norm√©ment pour votre retour.  Nous sommes ravis d'apprendre que vous avez trouv√© notre produit excellent, et que vous le recommandez.  Je vous souhaite une excellente journ√©e.  Marwen Sportivement Service Client",2024-01,Tunisia
5,2024-01-23,un bon produit,je suis satisfait pour le moment,"karim Masmoudi, Tunisia",Yes,"Bonsoir Karim,  Nous vous remercions √©norm√©ment pour votre avis.  Nous sommes ravis d'apprendre que vous avez trouv√© notre produit tr√®s bon, et que vous le recommandez.  Je vous souhaite une excellente soir√©e.   Marwen Sportivement Service Client",2024-01,Tunisia
4,2024-01-22,Suggestions,Merci √† toute l'√©quipe,"Sami, Tunisia",Yes,"Bonjour Sami,  Je vous remercie pour votre avis  Nous sommes ravis que nos produits vous plaisent et que notre √©quipe a √©t√© √† la hauteur de vos attentes.  Passez une excellente journ√©e et √† tr√®s vite :)  Rawen Conseill√®re Service Client",2024-01,Tunisia
4,2024-01-14,Bon,Un bon choix,"Fakhri, Tunisia",Yes,"Bonsoir,  je vous remercie pour votre avis. Au plaisir de vous revoir prochainement dans nos all√©es  Bonne soir√©e :)  Asma Conseill√®re service client",2024-01,Tunisia
4,2024-01-02,Chaussures √† recommander,Chaussures confortables l√©g√®res √† recommander pour la marche et le running,"Ibrahim, Tunisia",Yes,"Bonsoir Ibrahim,  nous vous remercions √©norm√©ment pour votre retour.  Nous sommes ravis de savoir que nos produits aient √©t√© √† la hautre.  Encore merci pour votre confiance en notre produit.  Excellente soir√©e √† vous.  Marwen Sportivement Service Client",2024-01,Tunisia
4,2023-12-27,bien,bien,"Youssef, Tunisia",Yes,"Bonsoir Youssef,  je vous remercie pour votre avis. Nous sommes ravis que nos produits vous plaisent  Passez une excellente soir√©e et √† tr√®s vite :)  Asma Conseill√®re service client",2023-12,Tunisia
4,2023-12-15,Bon plan,Qualit√© prix et l√©g√®ret√© = un tr√®s bon plan,"Mohamed, Tunisia",Yes,"Bonsoir Mohamed,  Je vous remercie pour votre retour d'exp√©rience.  Nous sommes ravis que nos produits vous plaisent  Passez une excellente soir√©e et √† bient√¥t.  Oussama Conseiller Service Client",2023-12,Tunisia
5,2023-11-27,L√©ger et confortable.,L√©ger et confortable.,"Hakam, Tunisia",Yes,"Bonjour,  merci pour votre retour d'exp√©rience. Nous sommes ravis que nos produits vous plaisent  Profitez bien de vos achats  Passez une excellente journ√©e et √† bient√¥t :)  Asma Conseill√®re service client",2023-11,Tunisia
5,2023-11-20,Excellent choix,Le meilleur,"Ali, Tunisia",Yes,"Bonjour Ali,  Nous vous remercions pour votre avis.  Nous sommes ravis d'apprendre que vous consid√©rez notre produit comme le meilleur.  Votre feedback est d'une grande valeur pour nous, car il nous aide √† am√©liorer nos produits.  Je vous souhaite une excellente journ√©e.  Marwen Sportivement Service Client",2023-11,Tunisia
4,2023-11-07,Tr√©s bon,Tres bon,"Rayene, Tunisia",Yes,"Bonjour Mr.Rayen,  je vous remercie pour votre avis. Nous sommes ravis que nos produits vous plaisent.  Profitez bien de vos achat et √† tr√®s vite  Bonne journ√©e :)  Asma Conseill√®re service client",2023-11,Tunisia
5,2023-11-07,satisfaisant,je suis satisfaite du service ainsi que des articles que j'ai achet√© je recommande vivement d√©cathlon.,"Linda, Tunisia",Yes,"Bonjour Linda, Nous tenons √† exprimer notre gratitude pour avoir partag√© votre avis avec nous. Nous sommes enchant√©s de constater votre satisfaction √† l'√©gard de nos produits et de nos services. Nous avons h√¢te de vous accueillir √† nouveau dans votre magasin Decathlon Djerba. Passez une excellente journ√©e !  Sportivement Hassine Conseiller Service Client",2023-11,Tunisia
5,2023-11-02,Tr√®s bien,Merci beaucoup,"Null, Tunisia",Yes,"Bonsoir, Votre avis nous fait √©norm√©ment plaisir‚ÄØ!  Nous sommes ravis de voir que notre produit r√©pond √† vos besoins et vous rend satisfait.  Passez une excellente soir√©e.  Oussama Conseiller Service Client",2023-11,Tunisia
5,2023-10-26,Chaussures sport,Tr√®s bon,"Wassim, Tunisia",Yes,"Bonsoir Wassim, Je vous remercie pour votre retour d'exp√©rience.  Nous sommes ravis que la CHAUSSURES EKIDEN ONE BLUE JEAN ait √©t√© √† la hauteur de vos attentes.  Au plaisir de vous accueillir prochainement dans nos all√©es  Oussama Conseiller Service Client",2023-10,Tunisia
5,2023-10-18,Merci beaucoup,Merci beaucoup pour votre service,"Sofien, Tunisia",Yes,"Bonjour Sofien, Merci pour votre avis Rien ne nous r√©jouit plus que votre satisfaction envers nos services. Passez une excellente journ√©e  Sportivement Hassine Conseiller Service Client",2023-10,Tunisia
2,2023-10-11,Passable,Mauvais design,"Sihem, Tunisia",Yes,"Bonjour Mme. Sihem,  Tout d'abord, merci de nous faire part de votre retour. Nous sommes navr√©s de voir que votre exp√©rience avec nous n'a pas √©t√© optimale. Nous prenons bonne note de vos remarques et allons faire en sorte de nous am√©liorer sur ces points.  Je vous souhaite une excellente journ√©e.  Oussama Conseiller Service Client",2023-10,Tunisia
4,2023-10-11,L√©ger et confortable,"J'ai appr√©ci√© le produit, pour son confort et sa l√©g√®ret√©.","Ines, Tunisia",Yes,"Bonjour Mme.Ines,  je vous remercie pour votre avis. Nous sommes ravis que nos produits aient √©t√© √† la hauteur de vos attentes.  Profitez bien de vos achats.  Passez une excellente journ√©e et bonne journ√©e :)  Asma Conseill√®re service client",2023-10,Tunisia
4,2023-09-22,PARFAIT,Tr√®s bon article je recommande,"Ghazi, Tunisia",Yes,"Bonsoir Mr.Ghazi,  Je vous remercie pour votre retour d'exp√©rience.  Nous sommes ravis que CHAUSSURE EKIDEN ONE BLUE JEAN ait √©t√© √† la hauteur de vos attentes.  Au plaisir de vous accueillir prochainement dans nos all√©es    Marwa Service relation client DECATHLON TUNISIE",2023-09,Tunisia
4,2023-09-18,Je suis satisfait,Je suis satisfait,"Mounir, Tunisia",Yes,"Bonjour Mr.Mounir,  Je vous remercie pour votre retour d'exp√©rience.  Nous sommes ravis que CHAUSSURE EKIDEN ONE BLUE JEAN ait √©t√© √† la hauteur de vos attentes  Au plaisir de vous accueillir prochainement dans nos all√©es  Passez une agr√©able journ√©e  Marwa Service relation client DECATHLON TUNISIE",2023-09,Tunisia
4,2023-09-11,Bon qualit√©,Bon qualit√© et bon prix,"Montasar, Tunisia",Yes,"Bonjour Mr.Montassar,  Merci pour votre avis positif ! Nous sommes ravis que vous appr√©ciiez la qualit√© de notre produit et son prix comp√©titif.  Votre satisfaction est notre principale pr√©occupation, et nous nous effor√ßons de maintenir ces niveaux de qualit√© pour nos clients.  Vous √™tes le bienvenu :) Passez une excellente journ√©e  Asma Conseill√®re service client",2023-09,Tunisia
5,2023-09-06,Merci beaucoup pour votre qualit√© esp√©rant avoir p,Merci beaucoup,"Taoufik, Tunisia",Yes,"Bonjour Taoufik, Savoir que notre produit vous rend satisfait est une grande source de bonheur. Passez une excellente journ√©e     Sportivement Hassine Conseiller Service Client",2023-09,Tunisia
5,2023-07-26,Super D√©cathlon,Tres bonne qualit√© avec prix moins cher.,"Jomaa, Tunisia",Yes,"Bonjour ,  Nous sommes ravis d'apprendre que vous √™tes satisfaite de la qualit√© et du prix de notre produit. Cependant, nous avons remarqu√© que vous n'avez pas recommand√© ce produit. Nous aimerions comprendre la raison derri√®re votre d√©cision pour pouvoir continuer √† am√©liorer nos produits.  Vous √™tes la bienvenue Bonne journ√©e :)  Asma Conseill√®re service client",2023-07,Tunisia
3,2023-07-03,Satisfait,Souple et leg√©,"Karim, Tunisia",Yes,"Bonjour monsieur Karim, je vous remercie pour votre avis. Vous √™tes le bienvenu  Oussama Conseiller Service Client",2023-07,Tunisia
4,2023-06-21,Satisfait,Rapport qualit√© prix tr√®s bien,"Mouin, Tunisia",Yes,"Bonjour,  Merci pour votre avis. je suis contente que vous soyez satisfait. N'h√©sitez pas √† nous faire plus de feedback pour continuer √† s'am√©liorer et vous offrir de meilleures exp√©riences dans le futur.   Au plaisir de vous revoir bient√¥t dans notre magasin Decathlon AZUR CIty    Meriam Sportif satisfait c'est mon m√©tier",2023-06,Tunisia
5,2023-06-12,Bon,Bon,"Fares, Tunisia",Yes,"Bonjour Fares,  Je vous remercie pour votre retour d'exp√©rience.  Nous sommes ravis que nos produits aient √©t√© √† la hauteur :)  Au plaisir de vous accueillir prochainement dans nos all√©es  Marwa Service relation client DECATHLON TUNISIE",2023-06,Tunisia
3,2023-04-10,Qualit√© moyenne,"Bon et l√©ger, mais il n'est pas assez rigide, s'est d√©chir√© rapidement","Hassene, Tunisia",Yes,No response,2023-04,Tunisia
4,2023-04-10,Bon,"Bon mais il n'est pas assez rigide, juste pour marcher, les sports √† √©viter.","Hassene, Tunisia",Yes,No response,2023-04,Tunisia
3,2023-04-10,AAA,AAA,"Faycel, Tunisia",Yes,"Bonsoir monsieur, je vous remercie pour votre avis. Vous √™tes le bienvenu Passez une excellente soir√©e :)  Asma Ezzedini",2023-04,Tunisia
1,2023-03-07,Premier prix,Qualit√© m√©diocre !!! Alors qu'en v√©rifiant je me suis rendu compte que le prix a doubl√©. D√©√ßu de cet achat !!!,"Omar, Tunisia",Yes,"Bonjour Monsieur Omar,  Merci d'avoir pris le temps de donner votre avis sur notre (CHAUSSURES DE RUNNING HOMME KALENJI RUN 100 GRIS . Je vous invite en magasin o√π un conseiller vous √©coutera et pourra vous proposer d'utiliser la garantie Decathlon. Elle permet d'√©changer un produit, ou de vous faire rembourser. Par la m√™me occasion, le conseiller pourra vous orienter vers un mod√®le qui r√©pondra mieux √† vos attentes.  Aussi notre sens est de rendre accessible le sport au plus grand nombre, de ce fait, nous avons choisi de pratiquer les prix les plus bas possible toute l'ann√©e mais plusieurs facteurs nous contraignent d'augmenter les prix de certains produits comme principalement l'augmentation des co√ªts des mati√®res premi√®res qui ne cessent d'augmenter , les co√ªts de fabrication des articles ,les frais d'importation( Decathlon est une marque Fran√ßaise tous nos produits sont import√©s)...  Merci pour votre compr√©hension et √† tr√®s bient√¥t dans votre magasin Decathlon Tunis City. Sportivement       Za√Ø  Nour ‚úåÔ∏è   Leader Sport Equitation üê¥",2023-03,Tunisia
1,2023-02-21,insatisfait,apr√®s utilisation quotidienne (200 m de marche par jour) le produit s'est d√©chir√© de c√¥t√©,"Abderaman, Tunisia",Yes,No response,2023-02,Tunisia
5,2023-02-20,Tr√®s satisfait,Qualit√©\ prix top,"Cherif, Tunisia",Yes,"Bonjour monsieur, merci d'avoir partag√© avec nous votre avis. Nous sommes ravis que nos produits aient √©t√© √† la hauteur :) Passez une agr√©able journ√©e et √† bientot  Asma, Leader sport Decathlon Mall Of Sousse",2023-02,Tunisia
5,2023-01-29,avis,approuv√©,"Youssef, Tunisia",Yes,"Bonjour Monsieur Youssef ,  Je vous remercie pour votre avis et pour cette super note !C'est un plaisir de lire votre satisfaction :) Ravis de voir que nos produits vous plaisent.  Je vous souhaite une bonne journ√©e, √† bient√¥t dans votre d√©cathlon Tunis City. Sportivement,     Za√Ø  Nour ‚úåÔ∏è   Leader Sport Equitation üê¥",2023-01,Tunisia
4,2023-01-26,Bon produit,Bon produit,"Houcem, Tunisia",Yes,"Bonjour, Merci pour ce retour au TOP, vous √™tes g√©nial! Je suis ravie que votre exp√®rience s‚Äôest bien pass√©e comme vous l‚Äôavez souhait√©  Meriam Sportif satisfait c'est mon m√©tier",2023-01,Tunisia
1,2023-01-16,Se d√©chire facilement,Se d√©chire facilement,"Seifeddine, Tunisia",Yes,"Bonjour monsieur, merci d'avoir partag√© avec nous votre avis. Je vous invite √† revenir chez nous afin de nous puissions trouver une solution de votre probl√®me avec la pr√©sence de votre ticket de caisse Je vous souheite une excellente journ√©e :)  Asma, Leader sport Decathlon Mall Of Sousse",2023-01,Tunisia
5,2023-01-13,Satisfait,Les chaussures kalenji sont tr√®s confortable,"Houyem, Tunisia",Yes,"Bonjour, Merci pour votre avis. Au plaisir de vous revoir prochainement dans votre magasin  Meriam Sportif satisfait c'est mon m√©tier",2023-01,Tunisia
4,2022-12-19,Bon,Merci,"Lotfi, Tunisia",Yes,"Bonjour, je vous remercie pour votre avis, votre satisfaction client √©tant l‚Äôune de nos priorit√©s üôÇ A la prochaine   Meriam Sportif satisfait c'est mon m√©tier",2022-12,Tunisia
5,2022-12-19,ÿ¨ŸäÿØ,ÿ¨ŸäÿØ ÿ¨ÿØÿß,"Othmani, Tunisia",Yes,"Bonjour monsieur, merci pour votre avis. Vous √™tes le bienvenu :) Passez une excellente journ√©e  Asma, Leader sport Decathlon Mall Of Sousse",2022-12,Tunisia
5,2022-12-19,Merci,Merciiii,"Eya, Tunisia",Yes,No response,2022-12,Tunisia
1,2022-11-17,Tr√®s ch√®re,Tr√®s chere,"Sami, Tunisia",Yes,No response,2022-11,Tunisia
4,2022-11-07,Bon produit,Bon produit,"Anis, Tunisia",Yes,bonjour  Je suis content que vous soyez satisfait de votre visite chez notre magasin Decathlon Azur City :) A la prochaine     meriam :) Sportifs satisfaits c'est mon m√©tier,2022-11,Tunisia
4,2022-11-07,ÿ±ÿßÿ≠ÿ© . ÿ£ŸÜÿßŸÇÿ©. ÿ¨ŸÖÿßŸÑ,ÿ¥ŸÉŸÑ ÿ¨ŸÖŸäŸÑ Ÿàÿ¨ÿ∞ÿßÿ® ÿÆŸÅÿ© Ÿàÿ±ÿ¥ŸÇÿ©,"Nabil, Tunisia",Yes,"bonjour  je vous remercie pour votre et pour cette super note üôÇ, je vous souhaite une bonne journ√©e a bient√¥t      meriam :) Sportifs satisfaits c'est mon m√©tier",2022-11,Tunisia
3,2022-11-07,Moiyenne,Moiyenne,"Brahim, Tunisia",Yes,bonjour  Merci pour votre avis. A la prochaine  :)  meriam :) Sportifs satisfaits c'est mon m√©tier,2022-11,Tunisia
5,2022-11-07,Sport,Les survettements et les espadrilles sont de tres bonne qualite.,"ines, Tunisia",Yes,"Bonjour Madame Ines,   Je vous remercie pour votre avis et pour cette super note ! Ravis de voir que nos produits vous plaisent üòç   Passez une excellente journ√©e et √† tr√®s bient√¥t dans notre magasin Decathlon Tunis City. Sportivement ‚úå   Za√Ø  Nour ‚úåÔ∏è   Leader Sport Equitation üê¥",2022-11,Tunisia
5,2022-11-04,formidable,j'ai utilis√© ce produit et il est suffisant pour course et marche,"H-Art, Tunisia",Yes,No response,2022-11,Tunisia
5,2022-11-04,formidable,j'ai utilis√© ce produit et il est bien suffisant pour marche et course,"H-Art, Tunisia",Yes,No response,2022-11,Tunisia
5,2022-10-10,Merci,C'est une bonne qualit√©,"Meher, Tunisia",Yes,"Bonjour Monsieur Meher ,  Je vous remercie pour votre avis et pour cette super note !C'est un plaisir de lire votre satisfaction :) Ravis de voir que nos produits vous plaisent.  Je vous souhaite une bonne journ√©e, √† bient√¥t dans votre d√©cathlon  Sportivement,   Za√Ø  Nour ‚úåÔ∏è   Leader Sport Equitation üê¥",2022-10,Tunisia
1,2022-10-03,Beaucoup de defaut,Manque de finition.defaut a l'int√©rieur il g√™ne et fait un douleur au pied .'sur √©paisseur du couture a l'int√©rieur .,"Noamen, Tunisia",Yes,No response,2022-10,Tunisia
5,2022-09-26,Super,Excellent,"Youssef, Tunisia",Yes,"Bonjour monsieur, merci pour votre avis. A tr√®s bient√¥t dans votre magasin. Bonne journ√©e.  Asma, Leader sport Decathlon Mall Of Sousse",2022-09,Tunisia
4,2022-09-26,Avis personnel,"Oui, c'est un bon produit","Sami, Tunisia",Yes,bonjour  Merci pour votre avis. je suis content que vous √™tes satisfait.    Sportifs satisfaits c'est mon m√©tier Meriam :),2022-09,Tunisia
4,2022-09-05,Je recommande,C'est excellent en terme de rapport qualit√© prix...,"Mohamed, Tunisia",Yes,"Bonjour Monsieur Mohamed ,  Je vous remercie pour votre avis et pour cette super note !C'est un plaisir de lire votre satisfaction :) Ravis de voir que nos produits vous plaisent.  Je vous souhaite une bonne journ√©e, √† bient√¥t dans votre d√©cathlon  Sportivement,    Za√Ø  Nour ‚úåÔ∏è   Leader Sport Equitation üê¥",2022-09,Tunisia
2,2022-09-05,.,ÿ∂ÿ±ÿ®ŸÜŸä ŸÅŸä ÿ≥ÿßŸÇŸä,"Hamdi, Tunisia",Yes,"Bonjour Ms  Tout d'abord merci pour votre avis , pouvez vous nous envoyer votre num√©ro de portable pour qu'on puisse vous appeler et savoir la probl√©matique de l'article Vous pouvez faire l'echange s'il y a eu une faute de fabrication .  Sportivement .  Islem,Le Sport c'est mon Passion üí™ ""D√©sir,Force,D√©fi""",2022-09,Tunisia
4,2022-07-15,Bon produit,Id√©al pour marche sur centier battus,"Wael, Tunisia",Yes,"Bonjour monsieur, merci pour votre avis. Nous sommes ravis que nos produits aient √©t√© √† la hauteur de vos attentes. Vous √™tes le bienvenu. Bonne journ√©e.  Asma, Leader sport Decathlon Mall Of Sousse",2022-07,Tunisia
5,2022-07-12,Bien,Merci pour votre service,"Ahmed, Tunisia",Yes,"Bonjour Monsieur Ahmed ,  Nous vous remercions pour votre commentaire sur nos services et nous sommes ravis que votre exp√©rience ait √©t√© agr√©ableüòä Comme toujours, si vous √™tes satisfait, nous sommes heureux de pouvoir vous satisfaire !  Mes coll√®gues et moi-m√™me vous souhaitons une excellente journ√©e üòä Sportivement,    Nour  Leader Sport Equitation",2022-07,Tunisia
5,2022-06-29,Ma satisfaction,"Franchement je suis tr√®s satisfait non seulement des achats mais aussi des agents et le service aussi,merci beaucoup Decathlon pour ce meilleur rapport qualit√© prix.","Bilel, Tunisia",Yes,"Bonjour Bilel  Merci pour votre avis. Je suis content que vous etes satisfait !  A la prochaine dans votre magasin decathlon Azur City  Mohamed.E Sportif, √† votre service üòä",2022-06,Tunisia
4,2022-06-03,Bon,Bonne qualit√©,"Taha, Tunisia",Yes,"Bonjour, Merci pour votre avis. Vous √™tes le bienvenu. Bonne journ√©e.   Asma, Leader sport Decathlon Mall Of Sousse",2022-06,Tunisia
5,2022-05-27,Excellent,Excellent produit,"Moez, Tunisia",Yes,No response,2022-05,Tunisia
1,2022-05-16,Mauvaise service,Mauvais service,"Amdouni, Tunisia",Yes,"Bonjour,  Vous avez toujours la possibilit√© de ramener votre sac √©cologique, D√©cathlon ne vous oblige pas √† acheter le sac.  Passez une bonne journ√©e.  Khalil, Leader Sport D√©cathlon",2022-05,Tunisia
3,2022-05-16,Diminuer le prix s'il vous pla√Æt,Diminuer le prix s'il vous pla√Æt,"Abidi, Tunisia",Yes,"Bonjour M Abidi,  Je suis Mohamed Leader d'√©quipe √† Decathlon La Marsa.  Tout d'abord je vous remercie pour votre feedback.  J'en profite de cet √©change pour vous expliquer les causes de hausse de prix.  En effet, suite √† la crise covid19 on a vu les prix des mati√®res premi√®res et de transport et logistique augmenter partout dans le monde.  En plus, on a eu des augmentations de taxes en Tunisie.  Ces facteurs ont impact√©s directement nos prix.  A Decathlon, nous travaillons chaque jour pour vous proposer le juste prix. C'est √† dire, la meilleure offre en Tunisie en terme de rapport qualit√© prix et technicit√©.  En esp√©rant vous revoir bient√¥t dans notre magasin Decathlon La Marsa.  Cdt Mohamed  MOHAMED",2022-05,Tunisia
5,2025-05-15,No Title,"√à il secondo paio che acquisto e mi trovo bene e poi √® le uniche poche scarpe che arrivano al numero 48, e uno come me alto 2,07 metri fa fatica a trovare scarpe e alla decathlon trovo sempre la mia taglia , grazie decathlon","Roberto, Italy",Yes,No response,2025-05,Italy
5,2025-05-15,No Title,Belle scarpe comode leggerissimi perfetto,"GIORGIO, Italy",Yes,No response,2025-05,Italy
5,2025-05-15,No Title,√áok rahat konforlu beklentiyi kar≈üƒ±ladƒ±,"Pervin, T√ºrkiye",Yes,No response,2025-05,T√ºrkiye
5,2025-05-15,No Title,Molto comode e leggere,"Paolo, Italy",Yes,No response,2025-05,Italy
5,2025-05-15,No Title,"Pratique pour la salle, chaussures souple et l√©g√®re","Vincent, France",Yes,No response,2025-05,France
4,2025-05-15,No Title,"scarpa giusta per la ginnastica, leggera e pratica","Andrea maria giuseppe, Italy",Yes,No response,2025-05,Italy
5,2025-05-15,No Title,Calitate,"STEFANESCU, Romania",Yes,No response,2025-05,Romania
5,2025-05-15,No Title,Good,"Ishika, India",Yes,No response,2025-05,India
5,2025-05-15,No Title,agr√©ables,"Daya, France",Yes,No response,2025-05,France
5,2025-05-15,No Title,Torna√≥r√°kra kiv√°l√≥,"Kriszta, Hungary",Yes,No response,2025-05,Hungary
5,2025-05-15,No Title,Value for money Good quality,"Sridhar, India",Yes,No response,2025-05,India
5,2025-05-15,No Title,Light weight and comfortable...,"KETAN, India",Yes,No response,2025-05,India
5,2025-05-15,No Title,"ƒê·∫πp, ƒëi tho·∫£i m√°i","Louis Nguy·ªÖn, Vietnam",Yes,No response,2025-05,Vietnam
5,2025-05-15,No Title,"Guter Schuh , sehr bequem","Michael, Germany",Yes,No response,2025-05,Germany
5,2025-05-15,No Title,–ú–Ω–æ–≥–æ –¥–æ–±—Ä–æ —Å—ä–æ—Ç–Ω–æ—à–µ–Ω–∏–µ —Ü–µ–Ω–∞-–∫–∞—á–µ—Å—Ç–≤–æ.,"–ì–µ–æ—Ä–≥–∏, Bulgaria",Yes,No response,2025-05,Bulgaria
5,2025-05-15,No Title,"10000 passi al giorno in leggerezza, sembra di volare","GIULIANO, Italy",Yes,No response,2025-05,Italy
5,2025-05-15,No Title,"Bien, l√©g√®re, usage occasionnel","Karine, France",Yes,No response,2025-05,France
5,2025-05-14,Saƒülam √ºr√ºn,2019 dan beri kullanƒ±yorum ve hala saƒülam.,"MESUT, T√ºrkiye",Yes,No response,2025-05,T√ºrkiye
5,2025-05-14,√ºr√ºn √ßok iyi,tavsiye ederim,"adem, T√ºrkiye",Yes,No response,2025-05,T√ºrkiye
5,2025-05-14,hafif ve rahat,fiyat performans √ºr√ºn√º hafif ve rahat kƒ±sa y√ºr√ºy√º≈ü i√ßin ideal ikinci defa alƒ±yorum,"Uƒüur, T√ºrkiye",Yes,No response,2025-05,T√ºrkiye
4,2025-05-14,No Title,rapporto qualit√† prezzo ottimo considerando che il prodotto √® durevole quanto quelli di fasce di prezzo pi√π alte. sicuramente l'estetica √® molto migliorabile,"simone, Italy",Yes,No response,2025-05,Italy
4,2025-05-14,No Title,J'ai achet√© car elles sont l√©g√®res mais je ne cours pas.(Pour la r√©sistance je ne me prononce pas),"Denis, France",Yes,No response,2025-05,France
5,2025-05-14,No Title,"Molto comode per le mie passeggiate, e i miei allenamenti","D, Italy",Yes,No response,2025-05,Italy
1,2025-05-14,Not comfortable,Shoes not comfortable,"Amit, India",Yes,No response,2025-05,India
5,2025-05-14,Taillent bien,Baskets confortables et taillent correctement,"Lauriane, France",Yes,No response,2025-05,France
5,2025-05-13,No Title,"√à il secondo paio che prendo, il primo se lo √® preso mia moglie le ha provate e le √® piaciuta la leggerezza.","Roberto, Italy",Yes,No response,2025-05,Italy
5,2025-05-13,No Title,Ottimo prodotto,"Gabriela, Italy",Yes,No response,2025-05,Italy
4,2025-05-13,No Title,Good as expected,"Sumit, India",Yes,No response,2025-05,India
4,2025-05-13,No Title,Comode e rilassanti,"Luigi, Italy",Yes,No response,2025-05,Italy
5,2025-05-13,Ottime sneakers,"Le ho comprate da usare per il lavoro. Sono davvero leggerissime, il piede respira e sono comodissime","Giada, Italy",Yes,No response,2025-05,Italy
4,2025-05-13,No Title,Comfortable and lightweight,"Sumit, India",Yes,No response,2025-05,India
5,2025-05-13,ayakkabƒ±,"√ßok hafif √ßok rahat bir ayakkabi,ayaƒüƒ± yormuyor ke≈üke farklƒ± renkleri de olsa","Emine, T√ºrkiye",Yes,No response,2025-05,T√ºrkiye
5,2025-05-13,No Title,√áok rahat.,"BURHAN, T√ºrkiye",Yes,No response,2025-05,T√ºrkiye
